,Teddy,price,Offer
0,eston stuffed toys 4 feet pink teddy bear For girls val...,"<div class=""_30jeq3"">₹399</div>",<span>75% off</span>
1,TRUELOVER Teddy Bear - 6 Feet Purple Color - Medium Siz...,"<div class=""_30jeq3"">₹1,079</div>",<span>73% off</span>
2,Osjs SOFT TOYS LOVER teddy bear pink colors size 3 feet...,"<div class=""_30jeq3"">₹303</div>",<span>81% off</span>
3,Pocketfriendly Red Color 3 feet Newly Arrival Soft & Cu...,"<div class=""_30jeq3"">₹299</div>",<span>88% off</span>
4,Macros Classic Super Soft Complete Family Pack Combo of...,"<div class=""_30jeq3"">₹500</div>",<span>85% off</span>
5,Tedstree 3 feet pink teddy bear  - 95.4 cm,"<div class=""_30jeq3"">₹305</div>",<span>84% off</span>
6,Tedstree 4 feet pink teddy bear / high quality / neck b...,"<div class=""_30jeq3"">₹495</div>",<span>73% off</span>
7,TRUELOVER Giant Teddy Bear Cuddly Stuffed Teddy Bear To...,"<div class=""_30jeq3"">₹351</div>",<span>82% off</span>
8,Macros Classic Super Soft toy Combo of 8 Stuffed Toys T...,"<div class=""_30jeq3"">₹475</div>",<span>83% off</span>
9,HydraLegend smart buy 3 Feet Teddy Bear I Love You Jumb...,"<div class=""_30jeq3"">₹269</div>",<span>84% off</span>
10,eston Sofa for Kids Soft Plush Mickey Cushion Baby Sofa...,"<div class=""_30jeq3"">₹475</div>",<span>63% off</span>
11,TRUELOVER 4 feet pink teddy bear cute and soft teddy be...,"<div class=""_30jeq3"">₹620</div>",<span>79% off</span>
12,Toyhaven Adorable and pretty PINK TEDDY with ' I LOVE Y...,"<div class=""_30jeq3"">₹159</div>",<span>80% off</span>
13,Ziraat 4 FEET RED TEDDY BEAR FOR GIFT ST AACC  - 122 cm,"<div class=""_30jeq3"">₹399</div>",<span>84% off</span>
14,NP Toys 4 Feet Cute blue Fur & Heart Teddy Bear - 120 c...,"<div class=""_30jeq3"">₹439</div>",<span>74% off</span>
15,TRUELOVER Cute Bootsy 2 feet Hugable And Loveable For S...,"<div class=""_30jeq3"">₹269</div>",<span>80% off</span>
16,Tedstree 3 feet love teddy bear / hug able / anniversar...,"<div class=""_30jeq3"">₹303</div>",<span>84% off</span>
17,"jimdar 3 feet sky blue , teddy bear / Big very soft sky...","<div class=""_30jeq3"">₹285</div>",<span>85% off</span>
18,Macros Premium Quality Special Combo In Low Budget for ...,"<div class=""_30jeq3"">₹423</div>",<span>80% off</span>
19,"MHK Special Combo for Kids Baby Elephant, Balloon teddy...","<div class=""_30jeq3"">₹411</div>",<span>58% off</span>
20,Tedstree 3 feet pink teddy bear  - 95.62 cm,"<div class=""_30jeq3"">₹303</div>",<span>84% off</span>
21,Tedstree 3 feet blue teddy bear most beautiful teddy an...,"<div class=""_30jeq3"">₹305</div>",<span>84% off</span>
22,fluffies Yellow Nylex Teddy Bear MotherChild  - 40 cm,"<div class=""_30jeq3"">₹199</div>",<span>66% off</span>
23,Mirada Bunny Soft Toy  - 35 mm,"<div class=""_30jeq3"">₹799</div>",<span>11% off</span>
24,Macros 4 Feet Pink American Style Cute Jumbo Teddy Bear...,"<div class=""_30jeq3"">₹399</div>",<span>85% off</span>
25,vtb retail stuffed toys 4 feet pink teddy bear / high q...,"<div class=""_30jeq3"">₹399</div>",<span>89% off</span>
26,Teddy Weddy StuffedTeddy Bear 3 feet Long Soft Sky Blue...,"<div class=""_30jeq3"">₹295</div>",<span>81% off</span>
27,Frantic Premium Quality Teddy Bear Soft Plush Fabric (P...,"<div class=""_30jeq3"">₹331</div>",<span>66% off</span>
28,Toodles 3 Feet Yellow Printed Foot Paw Teddy Bear Stuff...,"<div class=""_30jeq3"">₹289</div>",<span>85% off</span>
29,Bearhug 3 Feet Very Cute Long Soft Hug-able American St...,"<div class=""_30jeq3"">₹288</div>",<span>85% off</span>
30,Fun & Joy Favorable & Beautiful Couple of Teddy on Cycl...,"<div class=""_30jeq3"">₹261</div>",<span>70% off</span>
31,MHK 4 IN 1 COMBO PLAYING FOR KIDS(28 CM)  - 28 cm,"<div class=""_30jeq3"">₹351</div>",<span>41% off</span>
32,Osjs 4 feet Very Cute Long Soft Huggable American Style...,"<div class=""_30jeq3"">₹426</div>",<span>85% off</span>
33,Buttercup Cute Sprinkles Purple 90 Cm 3 feet Huggable A...,"<div class=""_30jeq3"">₹299</div>",<span>39% off</span>
34,eston 4feet pink beautifull&best quality teddy bear bes...,"<div class=""_30jeq3"">₹399</div>",<span>73% off</span>
35,MHK SOFT TOYS LOVER teddy bear red colors size 4 feet v...,"<div class=""_30jeq3"">₹441</div>",<span>36% off</span>
36,Buttercup Cute Baby Bear Pink 90 Cm 3 feet Huggable And...,"<div class=""_30jeq3"">₹299</div>",<span>39% off</span>
37,Balni Cute Bootsy Red 90 Cm 3 feet Huggable And Loveabl...,"<div class=""_30jeq3"">₹285</div>",<span>71% off</span>
38,Osjs 3 feet teddy bear Red for valentine & Anniversary ...,"<div class=""_30jeq3"">₹284</div>",<span>85% off</span>
39,jimdar Big Dimand SOFT TOYS LOVER teddy bear pink color...,"<div class=""_30jeq3"">₹275</div>",<span>72% off</span>
